,2,3,7
0,Industrial Imaging/IoT Software Developer,P & P Optica Inc.,Waterloo
1,Industrial Imaging Software Developer,P & P Optica Inc.,Waterloo
2,Software Developer,Orbis Communications Inc,Dundas
3,Software Developer,Oracle Corporation,Toronto
4,Software Automation Developer,Oracle Corporation,Toronto
5,Cloud-Computing Applications Software Engineering,OptumSoft Inc,Menlo Park
6,Distributed-Systems and Compiler/Languages Software Engineering,OptumSoft Inc,Menlo Park
7,Quality Assurance Engineering,Optimity,Toronto
8,Software Developer - Core Engineering,Open Text Corporation,Waterloo
9,"Software Developer, Webscale",Open Text Corporation,Waterloo
10,"Software Developer, Data Team",Open Text Corporation,Waterloo
11,Software Developer - OT Engineering,Open Text Corporation,Waterloo
12,"Software Developer, Engineering",Open Text Corporation,Waterloo
13,UX Visual Designer,Open Text Corporation,Waterloo
14,"Software Developer, Media Management Product Development",Open Text Corporation,Richmond Hill
15,"UI Developer, Media Management Product Development",Open Text Corporation,Richmond Hill
16,"Software Developer, Cloud",Open Text Corporation,Richmond Hill
17,"Software Developer, Exstream Product Development",Open Text Corporation,Richmond Hill
18,Software Developer - Business Network,Open Text Corporation,Richmond Hill
19,"Engineering, IT or Computer Science",Ontario Power Generation Inc,"Intermediate, Senior"
20,"Windows server, IIS, SQL Server Advisor",Ontario Ministry of Energy,Toronto
21,"Software Engineer, Clinical Genomics",Ontario Institute for Cancer Research,Toronto
22,Software Engineering - Cancer Bioinformatics,Ontario Institute for Cancer Research,Toronto
23,Bioinformatics Programmer,Ontario Institute for Cancer Research,Toronto
24,Controls and Automation Software Developer,Ontario Die International Inc,Kitchener
25,Software Developer,OnCorp Direct Inc,Toronto
26,Software Developer,OLAP Vision,Toronto
27,Software Developer,Office of the Auditor General of Canada,Ottawa
28,Robotics Applications Developer,OCTOPUZ,Waterloo
29,Javascript Application Engineer,OANDA (Canada) Corporation ULC,Toronto
30,Python Software Developer,OANDA (Canada) Corporation ULC,Toronto
31,Android Developer,OANDA (Canada) Corporation ULC,Toronto
32,iOS Developer,OANDA (Canada) Corporation ULC,Toronto
33,Software Developer,OANDA (Canada) Corporation ULC,Toronto
34,Embedded System Developer,Nymi Inc,Toronto
35,Software Developer,Nymi Inc,Toronto
36,CAD Software Architect,NVIDIA Corporation,Santa Clara
37,GPU Architecture Intern,NVIDIA Corporation,Santa Clara
38,ASIC Design Intern,NVIDIA Corporation,Santa Clara
39,Software Engineering Intern - Algorithm and Machine Learning,NVIDIA Corporation,Santa Clara
40,Deep Learning Engineering Content & Technology,NVIDIA Corporation,Toronto
41,Software Developer Engineering,NVIDIA Corporation,Toronto
42,Software Developer Tools Engineering,NVIDIA Corporation,"Intermediate, Senior"
43,Graphics Software Engineering,NVIDIA Corporation,"Intermediate, Senior"
44,3D Graphics Software Intern,NVIDIA Corporation,Santa Clara
45,Game Application Software Intern,NVIDIA Corporation,Redmond
46,Camera Software Tools Engineering,NVIDIA Corporation,Santa Clara
47,GPU C++ Development Tools Architect,NVIDIA Corporation,"Intermediate, Senior"
48,Embedded Software Design Engineering Waterloo,Nuvation Research Corporation,Waterloo
49,Software Developer (Tunney),Nuance Communications Inc,Waterloo
50,Software Developer (Chapman),Nuance Communications Inc,Waterloo
51,Software Developer Assistant,NOVX Systems Inc,Richmond Hill
52,Software Engineering,Nomis Solutions Inc,Toronto
53,GH8 - Consulting Engineering,Nokia,Ottawa
54,FLU - DIAGs SW Development,Nokia,Ottawa
55,FFV- Learning Services Developer,Nokia,Ottawa
56,FFL - Software Tester,Nokia,Ottawa
57,ECR - Learning Services Developer,Nokia,Ottawa
58,ECW - Learning Services Developer,Nokia,Ottawa
59,FJQ - Junior Software Designer,Nokia,Ottawa
60,FFL - Software Tester (5620 SAM),Nokia,Ottawa
61,FK0 - NSP Software Designer,Nokia,Ottawa
62,FJY - Junior GUI Software Designer,Nokia,Ottawa
63,FJS - Junior GUI Software Designer (SDN Controller),Nokia,Ottawa
64,FJR - Software Test Specialist,Nokia,Ottawa
65,FJN - Junior Software Designer NSP (5620 SAM),Nokia,Ottawa
66,FJM - Software Tester,Nokia,Ottawa
67,FJL - Software Tester,Nokia,Ottawa
68,FJK - Software Tester,Nokia,Ottawa
69,FJG - Visual Interaction Designer,Nokia,Ottawa
70,FJF - Software Tester (5620 SAM),Nokia,Ottawa
71,Integrated Packet Transport Software Developer,Nokia,Ottawa
72,Software Engineering,Nextdoor,San Francisco
73,Software Engineering,NerdWallet Inc,San Francisco
74,Software Engineering,Neptec Design Group,Kanata
75,Software Developer/Tester,NCR Canada Ltd,Waterloo
76,System Software Engineering,NCR Canada Ltd,Waterloo
77,(719) Software Engineering,Natural Resources Canada,Ottawa
78,Software Engineering (BS & MS) - Intern,National Instruments Corporation,Austin
79,Software Engineering,NASDAQ,New York
80,Android Developer,Nanoleaf Limited,Toronto
81,Embedded Developer,Nanoleaf Limited,Toronto
82,Full Stack Developer,Nanoleaf Limited,Toronto
83,Software Developer,Multi-Health Systems Inc,Toronto
84,Software Developer,Multi-Health Systems Inc,Toronto
85,Full-Stack Software Engineering - Startup,Mixmax Inc,San Francisco
86,Web Developer,Mitre Media,Toronto
87,Hardware/Software Engineering (4 or 8 months),Millson Technologies Inc,Vancouver
88,Development Engineering - Software  (SWEs),Microsoft  Corporation,Redmond
89,Development Engineering - Program Manager (PMs),Microsoft  Corporation,Redmond
90,Software Development Engineering,Microsoft  Corporation,"Intermediate, Senior"
91,Full Stack RoR/Angular Developer,Melian Labs Inc,San Francisco
92,Innovation Lab Intern,MD Financial Management,Ottawa
93,Junior Security Analyst,MCAP Inc,Kitchener
94,Software Developer,McAfee LLC,Waterloo
95,Release Engineering,McAfee LLC,Waterloo
96,Software Development,McAfee LLC,Waterloo
97,Application Developer: Mattel Retail Innovation Lab,Mattel,Kitchener
98,UI/UX Designer: Mattel Retail Innovation Lab,Mattel,Kitchener
99,Full Stack Software Engineering,Match.com,Dallas
100,Software Developer for Big Data,SAP Canada Inc,Waterloo
101,5330-Data Engineering - CIA,Scotiabank,Toronto
102,5664-Associate Programmer Analyst,Scotiabank,Toronto
103,5663-Associate Technical Business Analyst,Scotiabank,Toronto
104,6903-Data Scientist - Entreprise Analytics,Scotiabank,Toronto
105,7009-Data Scientist,Scotiabank,Toronto
106,"7006-Data Scientist, Pricing Analytics",Scotiabank,Toronto
107,"7006-Data Scientist, Pricing Analytics",Scotiabank,Toronto
108,7172-Associate Programmer Analyst (RMIT),Scotiabank,Toronto
109,7483-Technical Analyst,Scotiabank,Toronto
110,7484-Developer,Scotiabank,Toronto
111,7485-Associate Programmer Analyst,Scotiabank,Toronto
112,7574-Data Science and Engineering,Scotiabank,Toronto
113,7570-Data Scientist - GBM,Scotiabank,Toronto
114,7574-Data Science and Engineering - GBM,Scotiabank,Toronto
115,7930-Developer - Digital Factory,Scotiabank,Toronto
116,7924-Data Scientist - Digital Factory,Scotiabank,Waterloo
117,7291-Engineering - Digital Factory,Scotiabank,Waterloo
118,7927-Design Coop - Digital Factory,Scotiabank,Waterloo
119,7510-Junior Programmer Analyst,Scotiabank,Toronto
120,Software Engineering (aviation data startup),Seer Aerospace Inc,New York
121,Machine Learning Developer Intern,Sensibill,Toronto
122,iOS Developer,Sensibill,Toronto
123,Android Developer,Sensibill,Toronto
124,QA Automation Developer,Sensibill,Toronto
125,Software Developer,Set Scouter Inc,Toronto
126,Engineering / Computer Science Intern (4 month contract) - Network Sustainment,Shaw Communications Inc,Calgary
127,Engineering / Computer Science Intern (8 month contract) - Data Center Technologies,Shaw Communications Inc,Calgary
128,Engineering / Computer Science Intern (4 month contract) - Digital Technologies,Shaw Communications Inc,Calgary
129,Engineering / Computer Science Intern (4 month contract) - Enterprise Technology Operations,Shaw Communications Inc,Calgary
130,Engineering / Computer Science Intern (4 month contract) - Freedom Wireless Network Planning,Shaw Communications Inc,Calgary
131,Engineering / Computer Science Intern (4 or 8 month contract) - Network Architecture,Shaw Communications Inc,Calgary
132,Engineering / Computer Science Intern (4 month contract) - Product Development (Video),Shaw Communications Inc,Calgary
133,Engineering / Computer Science Intern (8 month contract) - Test Automation,Shaw Communications Inc,Calgary
134,Engineering / Computer Science Intern (4 month contract) - Video Content Management Services,Shaw Communications Inc,Calgary
135,Software Engineering,Shippo,San Francisco
136,Software Engineering,Shogun Inc,San Francisco
137,Full-Stack Developer,Shop Bonsai,Toronto
138,Front-end Developer,Shoplogix Inc,Oakville
139,Software Developer,Shoplogix Inc,Oakville
140,Senior Systems Engineering,Shoplogix Inc,Oakville
141,Startup Software Engineering,SigOpt Inc,San Francisco
142,Junior System Developer,Simon Fraser University,Vancouver
143,Front End Engineering,SkyWatch,Waterloo
144,Software Developer Intern,SMART Technologies,Calgary
145,Full Stack Web Developer,Smile.io,Kitchener
146,Software Engineering,Snap Inc,Venice
147,Software Engineering,SnapTravel,Toronto
148,Frontend Engineering,SnapTravel,Toronto
149,Software Engineering,Snowflake Computing Inc,San Mateo
150,Software Test Engineering,Solace Systems Inc,Kanata
151,SaaS - Software Engineering - DevTest,Solace Systems Inc,Kanata
152,Software Developer,Solace Systems Inc,Kanata
153,Front End Software Engineering,Solink Corporation,Ottawa
154,Software Engineering,Sony Creative Software,Waterloo
155,"Software Engineering Intern, PlayStation Network",Sony Interactive Entertainment,Waterloo
156,Software Developer,Sortable,Kitchener
157,3D Interaction & Motion Designer,Spatial Systems,New York
158,Unity 3D Augmented Reality / Virtual Reality Developer,Spatial Systems,New York
159,Software Intern,SpotOn Computing,San Francisco
160,Full Stack Software Developer,Sprout,Toronto
161,UX/UI Designer,Sprout,Toronto
162,QA Test Engineering,Sprout,Toronto
163,Associate - Software Engineering,SPS Commerce Inc,Brampton
164,Software Engineering Intern,Square Inc,Kitchener
165,Software Engineering Intern,Square Inc,San Francisco
166,JS Developer,SSIMWAVE INC.,Waterloo
167,Front-End Engineering Intern,StackAdapt,Toronto
168,Software Engineering,StackAdapt,Toronto
169,Software Engineering / Unity Developer,State Space Labs,New York
170,Front-End Software Engineering,SugarCRM Inc,Cupertino
171,Front-End Software Engineering (NC),SugarCRM Inc,Durham
172,Social Capital Fellow: Software Engineering at Swing Education,Swing Education,San Mateo
173,Software Engineering - Web Application Firewall,Symantec Corp,Waterloo
174,User Experience Design Co-Op,Synaptive Medical,Toronto
175,Systems Engineering Co-op,Synaptive Medical,Toronto
176,MES / SCADA Programmer,Synchro Engineering Limited,Niagara Falls
177,Quality Engineering,Syndesus,Toronto
178,Software Engineering - Seattle,Tableau Software,Seattle
179,Software Engineering - Palo Alto,Tableau Software,Palo Alto
180,Software Engineering - Vancouver,Tableau Software,"Junior, Intermediate, Senior"
181,Software Engineering,Takara Gaming Solutions Limited,Tsim Sha Tsui East
182,Software Developer,Tangam Systems Inc,Waterloo
183,SDK Engineering,Taplytics,Toronto
184,Web Application Engineering,Taplytics,Toronto
185,QA Engineer,Taplytics,Toronto
186,Enterprise Enabling Technology Solutions Developer,TD Bank Group,Toronto
187,QA/Tester,TD Bank Group,"Junior, Intermediate, Senior"
188,Software / Engineering Development,Teledyne DALSA,Waterloo
189,Research & Development (New Image Sensor Tech),Teledyne DALSA,Waterloo
190,Technology Strategy: Engineering,TELUS Communications Company,Scarborough
191,Programmer Analyst I-THFS,TELUS Corporation,Mississauga
192,Software Developer in Test,TELUS Health,Cambridge
193,Software/Firmware Engineering - Deep Learning Processor,Tenstorrent,Toronto
194,Frontend Developer,Terrene,Kitchener
195,Software QA Engineering Internship,Tesla Motors,Palo Alto
196,"Software Engineering Internship, Embedded Systems",Tesla Motors,Palo Alto
197,"Software Engineering Internship - Backend, Frontend, UI",Tesla Motors,Palo Alto
198,Software Developer,Texas Instruments Inc,Toronto
199,Software Analyst Coop,Thales Canada,Toronto
200,Software Analyst Coop,Thales Canada,Toronto
201,Software Analyst Coop,Thales Canada,Toronto
202,Software Analyst Coop,Thales Canada,Toronto
203,Software Analyst,Thales Canada,Toronto
204,"Software Engineering, Mobile",Thalmic Labs,Kitchener
205,"Software Engineering, Prototyping",Thalmic Labs,Kitchener
206,Computer Vision Developer,Thalmic Labs,Kitchener
207,Software Test Engineering,Thalmic Labs,Kitchener
208,"Software Engineering, Cloud and Back End Services",Thalmic Labs,Kitchener
209,Software Tools Engineering,Thalmic Labs,Kitchener
210,Machine Learning Engineering,Thalmic Labs,Kitchener
211,Product Test Engineering,Thalmic Labs,Kitchener
212,Software Engineering Intern,The Chan Zuckerberg Initiative,Toronto
213,Dev Ops Software Engineer,The Co-operators,Kitchener
214,Developer - Innovation Team,The Co-operators,Kitchener
215,Quality Assurance Specialist Co-op,The Economical Insurance Group,Waterloo
216,Open Source Operating System Software Developer,The FreeBSD Foundation,Kitchener
217,Digital Services Co-op Student (Winter 2018 Term),The Great-West Life Assurance Company,London
218,Junior User Experience Designer,The Home Depot Canada,Toronto
219,Lead Backend Engineering,The League,San Francisco
220,Software Engineering - Platform,The Meet Group,San Francisco
221,iOS Developer,The Meet Group,San Francisco
222,Android Developer,The Meet Group,San Francisco
223,Analytics Engineering,The Meet Group,San Francisco
224,Machine Learning & Full-Stack Developer,themidgame Inc,"Junior, Intermediate, Senior"
225,Junior Software Engineer,TheRedPin Inc,Toronto
226,Android Developer,theScore Inc,Toronto
227,Full-Stack Developer,theScore Inc,Toronto
228,Computer Science/Software Developer Intern,Think Research Corp,Toronto
229,Data Scientist,Thomson Reuters,Toronto
230,Software Developer,Thomson Reuters,Toronto
231,Software / Firmware Designer,Thornhill Medical,Toronto
232,Embedded System Software and Hardware Developer,Tigercat International Inc,Paris
233,Software Engineering,Tinfoil Security,Mountain View
234,Front-End Engineering,Tinfoil Security,Mountain View
235,Software Engineering,Toast Inc,Boston
236,QA Analyst,TradeRev,Toronto
237,Software Developer,Transnomis Solutions Inc.,Toronto
238,Software Developer in Test,Trend Micro Inc,Ottawa
239,Java Software Developer,Trend Micro Inc,Ottawa
240,Information Security Specialist,Trend Micro Inc,Ottawa
241,System Software Developer,Trend Micro Inc,Ottawa
242,Agile Software Engineer,TribalScale Inc,Toronto
243,Quality Assurance (QA) Engineering,Trifacta,San Francisco
244,Product Management,Tulip Retail,Toronto
245,Full Stack Developer,Tulip Retail,"Junior, Intermediate, Senior"
246,DevOps Engineer,Tulip Retail,"Junior, Intermediate, Senior"
247,iOS Developer,Tulip Retail,"Junior, Intermediate, Senior"
248,Full Stack Developer,Tulip Retail,Toronto
249,Android TunnelBear Cub,TunnelBear Inc,Toronto
250,iTunnelBear Cub (iOS Engineer),TunnelBear Inc,Toronto
251,Windows TunnelBear Cub,TunnelBear Inc,Toronto
252,Junior Developer,Tuq,Waterloo
253,Full-Stack Software Developer,TypeSift,Toronto
254,"Software Engineering, Self Driving",Uber,Pittsburgh
255,"Computer Vision & Machine Learning Internship, Self Driving",Uber,Toronto
256,Software Engineering,Uber,"Intermediate, Senior"
257,Gameplay Programmer,Ubisoft Entertainment Inc,Montreal
258,Software Developer,Uken Games,Toronto
259,Junior Product Manager,Uken Games,Toronto
260,Software Engineering,Ultimate Software,Toronto
261,Software Test Engineering,Ultimate Software,Toronto
262,Software Solutions Developer,UniPrint.net,Toronto
263,Software QA Analyst,Unitron,Kitchener
264,Software Developer - Full Stack,Universe,Toronto
265,Software Developer - Web Apps for Biological Pathway Analysis,University of Toronto,Toronto
266,Software Developer - Biological Pathway Data,University of Toronto,Toronto
267,Autonomous Vehicle Localization,University of Waterloo,Waterloo
268,Simulation Development for Autonomous Vehicles,University of Waterloo,Waterloo
269,PHP and SQL Web Application Developer,University of Waterloo,Waterloo
270,"Web Developer, Waterloo Content Management System (WCMS)",University of Waterloo,Waterloo
271,"Developer, UWaterloo Portal",University of Waterloo,Waterloo
272,Biomedical Software Developer,University of Waterloo,Waterloo
273,Software Engineering,US Mobile,White Plains
274,Software Development,UXP Systems Inc.,Toronto
275,Software Engineering,Vatic Labs,New York
276,Software Engineering,Veeva Systems,Toronto
277,Software Engineering (Vault),Veeva Systems,Toronto
278,"Performance Engineer, Intern",Veeva Systems,Toronto
279,Software Internship,Verity Studios AG,Schlieren
280,Software Engineering,Versapay Corporation,Toronto
281,Software Engineering Intern,Vida Health,Mountain View
282,Software Support Specialist and Full Stack Developer,Videostream,Kitchener
283,Junior Full Stack Developer,Videostream,Kitchener
284,"Startup Software Testing, Engineer in Training (EIT)",Videostream,Kitchener
285,Software Developer,Vidyard,Kitchener
286,Associate Product Manager,Vidyard,Kitchener
287,Software Engineering,Vineti,San Francisco
288,iOS and Android Developer,VIQ Solutions Inc,mississauga
289,C#/ASP.NET Developer,VIQ Solutions Inc,Mississauga
290,AI Developer,VIQ Solutions Inc,Mississauga
291,Software Developer,Visier Inc,Vancouver
292,Software Development - 8 months (Vancouver),Vision Critical Inc,Vancouver
293,Software Development - 8 months (Toronto),Vision Critical Inc,Toronto
294,Software Developer,VIZIYA,Hamilton
295,Quality Assurance Analyst,Waterloo Maple Inc,Waterloo
296,Software Developer/Engineering,Wave Accounting Inc,Toronto
297,Wealthsimple Engineering Co-op,Wealthsimple,Toronto
298,Software Engineering,WeddingWire Inc,New York
299,Software Engineering,WhatsApp Inc,Menlo Park
300,Software Developer C/C++/C#,Bell & Howell,Waterloo
301,Software Developer IQ,Bell & Howell,Waterloo
302,Visual Operations Software Developer,Bentley Systems,Burlington
303,Software Development Student,BlackBerry,"Junior, Intermediate, Senior"
304,Software Testing Student,BlackBerry,"Junior, Intermediate, Senior"
305,Security Automation Student - 4 Month Winter Term,BlackBerry,Waterloo
306,Full Stack Developer Student - 4 Month Winter Term,BlackBerry,Waterloo
307,Embedded Software Engineering Student - QNX Automotive Platform - 4 Month Winter Term,BlackBerry,"Junior, Intermediate, Senior"
308,Software Development  Student - 4 Month Winter Term,BlackBerry,Waterloo
309,Core OS Software Development Student - 4 Month Winter Term,BlackBerry,Junior
310,Software Development Student - 4 Month Winter Term,BlackBerry,Junior
311,Open Source and License Compliance Student - 4 Month Winter Term,BlackBerry,Junior
312,Software Engineering,Bloomberg,New York
313,Automation Software Engineering,BlueCat Networks,Toronto
314,Software Engineering,BlueCat Networks,Toronto
315,Security Analyst,BlueCat Networks,Toronto
316,Systems Liaison Engineering,Bombardier Inc,Toronto
317,Quality Project Coordinator,Bombardier Inc,Toronto
318,Software Test Developer,Bond Brand Loyalty Inc,Mississauga
319,Mechatronics Engineering,Brachium Inc,"Intermediate, Senior"
320,Software Engineering,Brachium Inc,"Intermediate, Senior"
321,Software Developer at 50-person Fintech Startup in Manhattan,Bread Finance,New York
322,Software Engineering,Broadway Technology LLC,Waterloo
323,Software Engineering,Broadway Technology LLC,New York
324,Software Developer,Brock Solutions Inc,Kitchener
325,Software Engineering,CA Technologies,Vancouver
326,Integration Specialist / Deployment System Specialist (C-GE-300),CAE,St Laurent
327,Software Developer (C-GE-600),CAE,St Laurent
328,Analyst Programmer (C-GM-001),CAE,St Laurent
329,DevOps Co-op,Camis Inc,Guelph
330,Quality Assurance Co-op,Camis Inc,Guelph
331,Software Developer,CAMplete Solutions Inc,Kitchener
332,Release Management,Canadian Bank Note Company Limited,Ottawa
333,Enterprise Software Developer,Canadian Blood Services,Ottawa
334,Innovation Engineering,Canadian Imperial Bank of Commerce,Toronto
335,Innovation Engineer,Canadian Imperial Bank of Commerce,Toronto
336,AML Solutions Specialist,Canadian Imperial Bank of Commerce,Toronto
337,Software Developer Co-op,Canadian Tire Corporation Limited,Toronto
338,Junior Automation Developer,Canadian Tire Corporation Limited,Toronto
339,Software Engineering Consulting Internship,Capco,Toronto
340,Software Engineering,Capcom,Burnaby
341,Software Engineer (Kitchener),Capital One,Kitchener
342,Software Engineering (Toronto Software Studio),Capital One,North York
343,"Software Developer, Web Backup Cloud Solution",Carbonite,Oakville
344,"Software Quality Engineering, Cloud Storage Systems",Carbonite,Oakville
345,"Software Engineering, Cloud Storage Systems",Carbonite,Oakville
346,Applications Developer,CareGo Technology Inc,Burlington
347,Software Engineering,CareGuide Inc,Toronto
348,"Software Engineering, Mobile",Carrot Inc,Redwood City
349,Software Quality Assurance Intern,CaseBank Technologies,Mississauga
350,Software Engineering - Data Services,CaseWare International Inc,Toronto
351,QA Mobile Apps,Ceridian,Toronto
352,"iOS Developer, Mobile Apps",Ceridian,Toronto
353,"Android Developer, Mobile Apps",Ceridian,Toronto
354,Startup Software Developer,Chatkit,Toronto
355,Fullstack Developer,CI Technologies Corporation,Vancouver
356,Full Stack Developer,Cinchy,Toronto
357,Software Engineering,Cisco Meraki,San Francisco
358,Software Engineering - Canada,Cisco Systems Inc,Ottawa
359,Software Engineering Intern,Citco Group,Toronto
360,Junior Developer,CiteRight Inc,Toronto
361,Open Data and  DB//SW Developer,City of Kitchener,Kitchener
362,Software Development Engineering,Clearbanc,Toronto
363,Software Developer (Clearpath Robotics Research Division),Clearpath Robotics Inc,Waterloo
364,Software Developer (Co-op),Clearpath Robotics Inc,Kitchener
365,QA Automation Engineering,Climax Media,Toronto
366,Software Developer,Clio,Burnaby
367,Backend Engineering Intern,Cockroach Labs,New York
368,Software Engineering,Cognite AS,Lysaker
369,Software Developer,Cognitive Systems Corp,Waterloo
370,Content Developer Analyst,Colleaga,Toronto
371,Backend Engineering at Collective Health,Collective Health Inc,San Francisco
372,Compass Software Engineering (Backend/Frontend/Mobile),Compass,New York
373,QA Automation Developer,Connected Lab Inc,Toronto
374,Software Engineering,Connected Lab Inc,Toronto
375,Artificial Intelligence Research,ContextLogic,San Francisco
376,Software Engineering/Product,ContextLogic,San Francisco
377,Mobile Engineering/Product,ContextLogic,San Francisco
378,Infrastructure Engineering,ContextLogic,San Francisco
379,Data & Relevancy Engineering (Richmond Hill),ContextLogic,Richmond Hill
380,Data Analyst,ContextLogic,San Francisco
381,Data & Relevancy Engineering,ContextLogic,San Francisco
382,QA Analyst,ContextLogic,San Francisco
383,Software Engineering/Platform (Richmond Hill),ContextLogic,Richmond Hill
384,Software Engineering/Platform,ContextLogic,San Francisco
385,Infrastructure Engineering/Security,ContextLogic,San Francisco
386,Infrastructure Engineering/IT,ContextLogic,San Francisco
387,Software Engineering,Correlation One,New York
388,Developer - iOS & Javascript,Corso Innovations Corporation,Kitchener
389,Software Engineer - Intern (Context),Coursera,Mountain View
390,Software Engineer - Intern (Growth),Coursera,Mountain View
391,Software Engineer - Intern (Learning Experience),Coursera,Mountain View
392,Software Engineer - Intern (Infrastructure),Coursera,Mountain View
393,"Intern, Thematic Investing - Investment Partnerships",CPP Investment Board,Toronto
394,Quality Analyst (Software Tester),Crawford & Company,Toronto
395,Software Engineering,Credit Karma Inc,San Francisco
396,Software Developer,Curtiss-Wright Defense Solutions,Kanata
397,Software Developer,D2L,Kitchener
398,Software Developer,D2L,Winnipeg
399,Software Developer,D2L,Toronto
400,Software Engineering,WISE Systems,Cambridge
401,Software Developer - Mobile,XE.com,Newmarket
402,Software Engineering Position with Growing Startup,Xesto Inc,Toronto
403,Software Development Engineering - NYC,Yahoo! Inc.,New York
404,Software Development Engineering - Cali,Yahoo! Inc.,Sunnyvale
405,AI Toolchain Developer,Yazabi,Toronto
406,Product Manager,Yelp,San Francisco
407,Product Designer,Yelp,San Francisco
408,Software Engineering,Yelp,San Francisco
409,Software Engineering Intern,Yext,New York
410,Software Engineering,Z1 LLC,Toronto
411,Software Developer,Zaber Technologies Inc,Vancouver
412,Full-Stack Django/React Engineering at a Silicon Valley Startup,Zanbato Group LLC,Mountain View
413,Server Software Engineering,Zazzle Inc,Redwood City
414,Software Developer,Zeebarf,Hamilton
415,Software Engineer,Zeitspace Inc,Kitchener
416,Software Engineer,Zenith Insurance Company (A Fairfax Company),Woodland Hills
417,Lead Developer,Zinata,Erin
418,Software Engineering,Zugata,Palo Alto
419,Software Engineering - Poker (Toronto),Zynga Inc,Toronto
420,Software Engineering - Central Tech (Toronto),Zynga Inc,Toronto
421,Software Engineering - Games (Toronto),Zynga Inc,Toronto
422,Software Developer Intern,2G Robotics Inc,Waterloo
423,Software Developer -Testing and Operations,360 Education Labs Inc,Toronto
424,Software Developers,360 Education Labs Inc,Toronto
425,Mobile Developer,500px,Toronto
426,Software Development Engineering - Large-Scale Distributed Systems,A9.com (An Amazon Subsidiary),Palo Alto
427,Software Development Engineering - Machine Learning,A9.com (An Amazon Subsidiary),Palo Alto
428,Software Development Engineering - Full Stack,A9.com (An Amazon Subsidiary),Palo Alto
429,Software Engineering,Abe,San Francisco
430,Full Stack Developer,Accedo,Toronto
431,Technical Business Analyst,Accedo,Toronto
432,Android Developer,Accedo,Toronto
433,iOS Developer,Accedo,Toronto
434,Multi-Platform Developer,Accedo,Toronto
435,Software Development Intern,Achievers Inc,Toronto
436,Data Science Intern,ActionIQ,New York
437,Fullstack Intern,ActionIQ,New York
438,Backend Intern,ActionIQ,New York
439,Software Engineering,Adeptmind Inc,Toronto
440,VR/AR and HCI Software Developer,AdHawk Microsystems,Kitchener
441,VR/AR and HCI Hardware Developer,AdHawk Microsystems,Kitchener
442,Big Data Engineering,AdRoll,San Francisco
443,Dynamic Creative Engineering,AdRoll,San Francisco
444,"Backend Engineer, Attribution",AdRoll,San Francisco
445,"Full Stack Engineering, Native Ads",AdRoll,San Francisco
446,"Full Stack Engineering, Web Application Team",AdRoll,San Francisco
447,Frontend Engineering,Air Computing Inc,"Junior, Intermediate, Senior"
448,Front-End Software Developer,Akindi Inc,Toronto
449,Back-End/Full-Stack Software Developer,Akindi Inc,Toronto
450,Software Engineering,AlertDriving,North York
451,Software Quality Assurance Engineering,AlertDriving,North York
452,Software Engineering,Altaeros Energies,Somerville
453,Software Development Engineering - US & Canada (2018 Winter),Amazon.com Inc,"Intermediate, Senior"
454,Software Engineering / Gaming and Pro Graphics Solutions Team,AMD,Markham
455,Core Software Developer,AMD,Markham
456,Core Software Automation Developer,AMD,Markham
457,Software Design Engineering - Digital Lab,American Express Canada Inc,Toronto
458,Software Engineering - SalesForce,American Express Canada Inc,Toronto
459,Front-End Platform Intern,AppDirect Inc,Montreal
460,Software Engineering Intern,AppDirect Inc,Montreal
461,Software Engineering Intern,AppDirect Inc,Montreal
462,QA Automation Developer Intern,AppDirect Inc,Montreal
463,Software Engineering Intern,AppDirect Inc,Montreal
464,Software Developer Intern,AppHelp,Montreal
465,Build Infrastructure Automation Developer Intern,AppHelp,Montreal
466,Mac Tools Development,Apple Inc,Santa Clara Valley
467,Software Project Coordinator,Apple Inc,Santa Clara Valley
468,CoreOS Software Development Engineer in Test,Apple Inc,Santa Clara Valley
469,Software Development Engineering,Apple Inc,Ottawa
470,Software Engineering - Core Technology Team,Apple Inc,Santa Clara Valley or Culver City
471,Silicon Validation,Apple Inc,Santa Clara Valley
472,Video Processing,Apple Inc,Santa Clara Valley
473,Software Development Engineer in Test - Core OS Machine Learning,Apple Inc,Santa Clara Valley
474,System Design Engineering,Apple Inc,Santa Clara Valley
475,Media Streaming,Apple Inc,Santa Clara Valley
476,CPU Engineering,Apple Inc,"Intermediate, Senior"
477,SoC System Level Test Engineering,Apple Inc,Santa Clara Valley
478,Software Engineering - iWork,Apple Inc,Vancouver
479,Embedded Systems,Apple Inc,Santa Clara Valley
480,System Software Engineering,Apple Inc,Santa Clara Valley
481,Software Developer,AppZero,Kanata
482,Firmware Intern,Aquantia Corp,Toronto
483,Analyst,ArcelorMittal,Hamilton
484,IT Solutions Analyst,ArcelorMittal,Hamilton
485,Software Developer,Arctic Wolf Networks Inc,Waterloo
486,Front-End Developer,Arctic Wolf Networks Inc,Waterloo
487,Embedded Software Developer,Arcturus Networks Inc,Etobicoke
488,UI Developer for Vehicle Modeling and Analysis Tool,Argonne National Laboratory,Argonne
489,Software Engineering,Arista Networks Inc,Burnaby
490,Simulation Software Developer,ARUP,Toronto
491,Technology Design Consultant,ARUP,Toronto
492,Image Processing Developer,Arylla Inc,Waterloo
493,Software Engineer,Aterica Health Inc,Waterloo
494,Software Engineering,Athos,Redwood City
495,Control Systems Software Designer Co-op,ATS Automation Tooling Systems Inc,Cambridge
496,Software Toolset Developer - Applications Engineering Co-op,ATS Automation Tooling Systems Inc,Cambridge
497,Control Systems Software Design,ATS Automation Tooling Systems Inc,Cambridge
498,QA Developer,AudienceView Ticketing,Toronto
499,Software Developer with C++ Experience,Audioworks Inc,Toronto
500,Software Engineering,Autonomic,Toronto
501,Software Developer,Auvik Networks Inc.,Waterloo
502,Software Developer,Awake Labs Inc,Toronto
503,JavaScript Developer,Axonify Inc,Waterloo
504,Software Developer / Analyst,BanaLogic Corporation,Richmond Hill
505,Ruby on Rails Software Engineering,Banana Stand,Waterloo
506,C#-Java-Scala Developer,Bank of America Merrill Lynch,Toronto
507,Cyber Security,Bank of Canada,Ottawa
508,Junior Developer,Bank of Montreal,Toronto
509,Software Developer,Bank of Montreal,Toronto
510,Software Quality Assurance Tester,Bank of Montreal,Toronto
511,Technology Analyst,Bank of Montreal,Toronto
512,Mobile Developer,Bank of Montreal,Toronto
513,Front End Developer,Bank of Montreal,Toronto
514,Software Developer,Bank of Montreal,Toronto
515,Quality Assurance Analyst,Bank of Montreal,Toronto
516,Software Developer,Bank of Montreal,Toronto
517,Software Developer,Bank of Montreal,Toronto
518,Junior Application Software Developer,Bank of Montreal,Toronto
519,Software Developer Intern,BBM,Mississauga
520,Co-op Student,BC Cancer Agency,Vancouver
521,QA Analyst/Consultant,BDO Solutions Technology (formerly Systemgroup),Mississauga
522,Quantitative Developer,D2X Capital,Toronto
523,Data Visualization Software Development,Darkhorse Analytics Inc,Edmonton
524,Software Developer,DarkMatter Canada Inc,Mississauga
525,Software Engineering - Developer Efficiency Team,Datadog Inc,New York
526,Software Engineering - Data Engineering Team,Datadog Inc,New York
527,Software Engineering - Data Science Team,Datadog Inc,New York
528,Software Engineering - Metrics Intake Team,Datadog Inc,New York
529,Software Engineering - Internal Analytics Team,Datadog Inc,New York
530,Software Engineering - Crawlers and Integrations,Datadog Inc,New York
531,Software Engineering - Open Source Team,Datadog Inc,New York
532,Software Engineering - Open Source Dev,Datadog Inc,New York
533,Software Engineering - Open Source Dev (Paris),Datadog Inc,Paris
534,Software Engineering - Technical Content Team,Datadog Inc,New York
535,Software Engineering,DBRS Limited,Toronto
536,Software Developer,Dealer-FX,Markham
537,Business Systems Developer,Dejero Labs Inc,Waterloo
538,Software Developer - C++,Dejero Labs Inc,Waterloo
539,Controls Software Engineering Coop,DEMATIC,Waterloo
540,Software Engineering - Development Operations,DEMATIC,Waterloo
541,Software Engineering,DEMATIC,Waterloo
542,Computer Science/Software Engineering,Department of National Defence,Ottawa
543,Mobile Application Developer,Department of National Defence,Toronto
544,Software Developer,Department of National Defence,Toronto
545,Software Development for Real-time Physiological Monitoring Applications,Department of National Defence,Toronto
546,Software Solutions Developer,Department of National Defence,Kitchener
547,Research Assistant,Department of National Defence,Ottawa
548,Graphics Engine Developer (C++),Derivative,Toronto
549,Software Developer,Descartes Systems Group Inc,Waterloo
550,C++/UNIX Software Developer,DF/Net Research,Dundas
551,Software Engineering,DMTI Spatial,Richmond Hill
552,Software Engineering Intern,DNAstack,Toronto
553,Quality Assurance Intern,DNAstack,Toronto
554,Application Developer,DoctorCare Inc,Toronto
555,Junior Software Engineering,DriverCheck Inc,Ayr
556,Software Developer Intern,DRW Holdings Inc,Montral
557,iOS Developer,ecobee,Toronto
558,Android Developer,ecobee,Toronto
559,Server Developer,ecobee,Toronto
560,"Systems Developer, Production Engineering",ecobee,Toronto
561,Software Developer,Edisoft,Toronto
562,Gameplay Programmer,Eidos Montreal,Montreal
563,Gameplay\UI Programmer,Eidos Montreal,Montreal
564,Programmer - Technology team,Eidos Montreal,Montreal
565,Programmer - Technology team,Eidos Montreal,Montreal
566,"Software Developer, Co-op",eleven-x,Waterloo
567,Platform/Software Developer,Elucid Labs Inc,Waterloo
568,Ruby Developer,energyX Solutions Inc,Toronto
569,IT / Solutions Developer Intern,Environics Analytics,Toronto
570,Software Quality Assurance Specialist,Epocal Inc,Ottawa
571,Security & Distributed System Engineer,ESCRYPT,Waterloo
572,Software Test Engineer,ESCRYPT,Waterloo
573,Embedded Developer,Espial Group,Ottawa
574,Server Side Cloud Developer,Espial Group,Ottawa
575,UX Developer,Espial Group,Ottawa
576,Junior Software Developer,Ethoca Technologies Inc,Toronto
577,Data Quality Engineering,Ethoca Technologies Inc,Toronto
578,Full Stack Developer,Evermight,North York
579,Software Engineering Internship,Evernote Corporation,Redwood City
580,Embedded Systems Design Engineering - Closed Caption,Evertz Microsystems Ltd,Burlington
581,Student Embedded Systems Design Engineering,Evertz Microsystems Ltd,Burlington
582,Student Embedded Design Engineering (Markham),Evertz Microsystems Ltd,Markham
583,Software Design Engineering (Burlington),Evertz Microsystems Ltd,Burlington
584,Student Design Engineering (Video),Evertz Microsystems Ltd,Burlington
585,Cloud/On-Prem Service Management Solutions - Java and Web Technology,Evertz Microsystems Ltd,Burlington
586,Big Data Solutions Developer - Java and Web Technology,Evertz Microsystems Ltd,Burlington
587,Student Design Verification Specialist (IP Networking/Video Transport),Evertz Microsystems Ltd,Burlington
588,Full-stack Web Developer,Evichat Inc.,Toronto
589,Full-Stack Web Developer,Evinance,Montreal
590,Software Designer,EXFO Inc,Concord
591,Production Engineering,Facebook,Menlo Park
592,Software Engineering,Facebook,Menlo Park
593,Solutions Developer,FAIRVentures (A Fairfax Company),Kitchener
594,User Experience Designer,FAIRVentures (A Fairfax Company),Kitchener
595,Software Developer,FarmLead,Ottawa
596,IT Developer,FCT,Oakville
597,Software Engineer (Full Stack),Fiix,Toronto
598,DevOps Developer,Finastra,Mississauga
599,Software Developer,Finastra,Mississauga
600,Frontend Software Developer,Finovertech,Waterloo
601,Backend Software Developer,Finovertech,Waterloo
602,Embedded Software Engineering  - San Francisco,Fitbit,San Francisco
603,Embedded Software Engineering - Kitchener,Fitbit,Kitchener
604,Embedded Software Engineering - Boston,Fitbit,Boston
605,Embedded Software Engineering - San Diego,Fitbit,San Diego
606,Mobile Software Engineering - Kitchener,Fitbit,Kitchener
607,Software Developer - Data,Fivetran Inc,San Francisco
608,QA Analyst,FleetCarma,Waterloo
609,Mobile and Web Developer,Flynn Group of Companies,Mississauga
610,Software Development Associate,Focal Healthcare Inc,Toronto
611,Software Test Assistant,Ford Motor Company of Canada Limited,Waterloo
612,Product Development,Ford Motor Company of Canada Limited,Waterloo
613,Software Developer - SYNC HMI,Ford Motor Company of Canada Limited,Ottawa
614,Telematics Control Unit Software Developer,Ford Motor Company of Canada Limited,Ottawa
615,Embedded Software Developer,Ford Motor Company of Canada Limited,Ottawa
616,Product Development,Ford Motor Company of Canada Limited,Waterloo
617,Product Development,Ford Motor Company of Canada Limited,Waterloo
618,Platform Validation,Ford Motor Company of Canada Limited,"Junior, Intermediate, Senior"
619,Telematics Control Unit Software Developer,Ford Motor Company of Canada Limited,Ottawa
620,Software Developer,Ford Motor Company of Canada Limited,Ottawa
621,Manufacturing Software Development,Ford Motor Company of Canada Limited,"Junior, Intermediate, Senior"
622,"Software Engineer, Clinical Genomics",Ontario Institute for Cancer Research,Toronto
623,"Windows server, IIS, SQL Server Advisor",Ontario Ministry of Energy,Toronto
624,"Engineering, IT or Computer Science",Ontario Power Generation Inc,"Intermediate, Senior"
625,Software Developer - Business Network,Open Text Corporation,Richmond Hill
626,"Software Developer, Exstream Product Development",Open Text Corporation,Richmond Hill
627,"Software Developer, Cloud",Open Text Corporation,Richmond Hill
628,"UI Developer, Media Management Product Development",Open Text Corporation,Richmond Hill
629,"Software Developer, Media Management Product Development",Open Text Corporation,Richmond Hill
630,UX Visual Designer,Open Text Corporation,Waterloo
631,"Software Developer, Engineering",Open Text Corporation,Waterloo
632,Software Developer - OT Engineering,Open Text Corporation,Waterloo
633,"Software Developer, Data Team",Open Text Corporation,Waterloo
634,"Software Developer, Webscale",Open Text Corporation,Waterloo
635,Software Developer - Core Engineering,Open Text Corporation,Waterloo
636,Quality Assurance Engineering,Optimity,Toronto
637,Distributed-Systems and Compiler/Languages Software Engineering,OptumSoft Inc,Menlo Park
638,Cloud-Computing Applications Software Engineering,OptumSoft Inc,Menlo Park
639,Software Automation Developer,Oracle Corporation,Toronto
640,Software Developer,Oracle Corporation,Toronto
641,Software Developer,Orbis Communications Inc,Dundas
642,Industrial Imaging Software Developer,P & P Optica Inc.,Waterloo
643,Industrial Imaging/IoT Software Developer,P & P Optica Inc.,Waterloo
644,Full Stack Software Developer Intern - San Francisco,PagerDuty,"Junior, Intermediate, Senior"
645,Full Stack Software Developer Intern - Toronto,PagerDuty,Toronto
646,Software Developer,Palette,Kitchener
647,Software Developer,Peekapak,Toronto
648,Software Engineering - Toronto,Peraso Technologies Inc,Toronto
649,Software Engineering - Toronto -2,Peraso Technologies Inc,Toronto
650,Software Engineering - Waterloo,Peraso Technologies Inc,"Intermediate, Senior"
651,Validation Engineering,Peraso Technologies Inc,Toronto
652,"Digital Verification Engineering, Digital Verification",Peraso Technologies Inc,Toronto
653,Software Engineering Intern,Periscope Data,San Francisco
654,Full-Stack Developer,PerkinElmer Inc,Kitchener
655,Full-Stack Developer,PerkinElmer Inc,Kitchener
656,Software Engineering,Perpetua Labs,New York City
657,Software Engineering Intern,Petuum Inc,Pittsburgh
658,Backend Engineering,Pitstop,"Intermediate, Senior"
659,Software Engineering - Cloud Foundry,Pivotal Labs,Toronto
660,Software Engineering,PIXLEE,"Intermediate, Senior"
661,Application Engineering,Pleora Technologies Inc,Kanata
662,Hardware Designer,Pleora Technologies Inc,Kanata
663,Product Verification Software Developer,Pleora Technologies Inc,Kanata
664,Front-end Software Developer- Publisher Services,Polar,Toronto
665,Data  Science Analyst,PostBeyond Inc,Toronto
666,3137 - Engineering Validation of Analytical Tools,Pratt & Whitney Canada Corp,Mississauga
667,"Teammate, Software Engineering",Progressly,Redwood City
668,Software Engineering,Providius Corp,Hamilton
669,Cyber Security System Developer,Public Safety Canada,Ottawa
670,Software Testing Architect,Public Safety Canada,Ottawa
671,Quality Assurance Analyst,PVelocity Inc,Toronto
672,Software Engineering,QRA Corp,Halifax
673,Automation Developer,QuickTapSurvey created by TabbleDabble Inc.,Toronto
674,Software Engineer,QuickTapSurvey created by TabbleDabble Inc.,Toronto
675,Engineering Intern,Quizlet LLC,San Francisco
676,Machine Learning/Audio Engineer,RAVE Media Inc,Kitchener
677,Software/Data Science Intern,Raven Telemetry,Ottawa
678,Software Developer,RBC Financial Group,"Junior, Intermediate, Senior"
679,Web Full Stack Developer,rBUX Inc,Bracebridge
680,Full Stack Software Engineering,reebee Inc,Kitchener
681,Back End Software Engineering,reebee Inc,Kitchener
682,Front End Software Engineering,reebee Inc,Kitchener
683,Software Engineering,Rimeto LLC,San Francisco
684,Test Engineering,Ritual,Toronto
685,Software Engineering,Ritual,Toronto
686,Software Engineering,Rockwell Collins,Ottawa
687,Geomechanics Intern,Rocscience Inc,Toronto
688,"Software Developer, Test Automation",Ross Video Limited,Ottawa
689,FPGA Developer,Ross Video Limited,Ottawa
690,"Software Developer, Test Automation",Ross Video Limited,Ottawa
691,"Software Developer, Java",Ross Video Limited,Ottawa
692,"Software Developer, Java (Inception)",Ross Video Limited,Ottawa
693,Software Developer - Java (Dashboard),Ross Video Limited,Ottawa
694,Information Security (Identity Analyst),Royal Canadian Mint,Ottawa
695,Software Developer,Rubikloud Technologies,Toronto
696,"Software Engineering, Infrastructure Planning, Design, and Operations (IPDO)",Salesforce.com Inc,San Francisco
697,Technical Program Manager,Salesforce.com Inc,San Francisco
698,"Software Engineering, Database",Salesforce.com Inc,San Francisco
699,"Software Engineering, Compute",Salesforce.com Inc,San Francisco
700,"Software Engineering, Large Scale Data",Salesforce.com Inc,San Francisco
701,"Software Engineering, Security",Salesforce.com Inc,San Francisco
702,"Software Engineering, Large Scale Data",Salesforce.com Inc,Vancouver
703,"Applied Research Scientist, Machine Learning / Deep Learning",SAMSUNG,Toronto
704,"Hardware IP and SoC Intern, Mobile Processor Innovation Lab",SAMSUNG,Senior
705,"Software and Systems Intern, Mobile Processor Innovation Lab",SAMSUNG,Senior
706,Think Tank Team Internships,SAMSUNG,Mountain View
707,"Applied Research Scientist, Machine Learning / Deep Learning",SAMSUNG,Mountain View
708,Front-End Web Engineering,Sandvine Incorporated,Waterloo
709,Software Engineering Network Security,Sandvine Incorporated,Waterloo
710,Build Engineering,Sandvine Incorporated,Waterloo
711,Java Developer,SAP Canada Inc,Montreal
712,UI Development,SAP Canada Inc,Montreal
713,Software Quality Assurance,SAP Canada Inc,Waterloo
714,Software Quality Assurance - Web Automation Developer,SAP Canada Inc,Waterloo
715,Mobile Developer,SAP Canada Inc,Waterloo
716,"Software Developer, Big Data Distributed Computing Team",SAP Canada Inc,Waterloo
717,"Software Developer, Query Processing For Big Data Team",SAP Canada Inc,Waterloo
718,"Software Developer, Big Data Tooling Team",SAP Canada Inc,Waterloo
719,"Software Developer, IQ Team: Install/ Release",SAP Canada Inc,Waterloo
720,"Software Developer, IQ Team: C/C++",SAP Canada Inc,Waterloo
721,"Software Developer, In-Memory",SAP Canada Inc,Waterloo
722,Software Developer,Marsh & McLennan Companies Inc,Toronto
723,Software Developer,MappedIn Inc,Kitchener
724,"Collaboration Designer/Developer, User Experience (Co-op)",Maple Leaf Foods,Mississauga
725,1707548 KW - Solutions Prototype Developer,Manulife Financial,Kitchener
726,1709567 TO - Software Developer/Project Coordinator,Manulife Financial,Toronto
727,1709035 TO - Data Engineering,Manulife Financial,Toronto
728,1708365 KW - Visiting Software Engineering,Manulife Financial,Kitchener
729,1708365 TO - Visiting Software Engineering,Manulife Financial,Toronto
730,Software Test Specialist,Magnet Forensics Inc,Waterloo
731,Software Development Engineer in Test Co-op,Magnet Forensics Inc,Waterloo
732,Software Developer,Magnet Forensics Inc,Waterloo
733,Associate Software Developer,Mackenzie Investments,Toronto
734,Software Engineering Intern,Lyft,Seattle
735,Full-Stack Developer,Lumotune Inc,Kitchener
736,Optical Engineer,Lumentum,Ottawa
737,Software Developer,LoyaltyOne Inc,Toronto
738,Systems Developer,LOGiQ3,Toronto
739,"Data & Information, Supply Chain Co-op Student",Loblaw Companies Limited,Brampton
740,"Software Developer, Loblaw Digital",Loblaw Companies Limited,Toronto
741,"Quality Assurance Analyst, Loblaw Digital",Loblaw Companies Limited,Toronto
742,Software Engineering Intern,LinkedIn Corporation,Sunnyvale
743,Software Engineering - iOS,LimeBike,San Mateo
744,Software Engineering - Android,LimeBike,San Mateo
745,Software Engineering - Backend,LimeBike,San Mateo
746,Controls Software Engineer,Liburdi Automation Inc,Hamilton
747,Mobile Developer,League,Toronto
748,Test Engineering,League,Toronto
749,Engineering Intern,LeafLink Inc,New York
750,Mobile Application Developer,LCBO - Liquor Control Board of Ontario,Kitchener
751,Full Stack Developer,LCBO - Liquor Control Board of Ontario,Kitchener
752,Software Developer,Kongsberg Geospatial,Ottawa
753,Software Developer,Klashwerks,Ottawa
754,Software Developer,Kira Talent,Toronto
755,Backend Developer,Kinetic Cafe,Toronto
756,Mobile Developer Intern,Kinetic Cafe,Toronto
757,Test Developer Co-op - Server,Kinaxis,Ottawa
758,Analytics Developer,Kinaxis,Ottawa
759,Web Developer - Toronto,Kik Interactive Inc,Toronto
760,Server Developer,Kik Interactive Inc,Waterloo
761,Software Developer,Kii Mobile Technology,Toronto
762,Software Engineering,Keysight Technologies,Santa Rosa
763,Product Designer,Keyhole,Toronto
764,Software Engineering / Web Developer,Keyhole,Toronto
765,Software Developer,Karos Health,Waterloo
766,UX Software Engineering,Kaleidescape Inc,Waterloo
767,Software Test Engineering,Kaleidescape Inc,Waterloo
768,Embedded Software Engineering,KA Imaging,Kitchener
769,Quality Engineering (Nectar),JUICE Mobile,Toronto
770,Full Stack Developer,Jewlr,North York
771,Software Engineering Intern,JetDiamond,"Intermediate, Senior"
772,Software Developer,ISARA Corporation,Waterloo
773,Full Stack JavaScript Developer,Intrigue Media,Guelph
774,Adaptive Process Control Programming,Intlvac,Georgetown
775,Software Developer - Front End,Interset (formerly FileTrek),Kanata
776,R & D Developer,International Financial Data Services Canada Ltd,Toronto
777,"Software Developer, Product Engineering",International Financial Data Services Canada Ltd,Toronto
778,R&D Developer,International Financial Data Services Canada Ltd,M5C 3G9
779,VR Software Engineering Intern,Interaptix Augmented Reality,Oakville
780,Software Developer,Intelex Technologies,Toronto
781,Software Engineering,Intel Corporation,Toronto
782,Software Developer,InMoment,Mississauga
783,Security Software Developer,InfoSec Global,Toronto
784,Software Developer,InfoSec Global,Toronto
785,Software Developer,Infor Global Solutions,Toronto
786,Software Engineer-In-Test Coop,Influitive Corporation,Toronto
787,UI Designer,InFlight Corporation,Kitchener
788,Implementation Specialist,InFlight Corporation,Kitchener
789,Software Developer,InFlight Corporation,Kitchener
790,QA Automation Developer,Imagine Communications Corp,Toronto
791,Embedded Software Designer,Imagine Communications Corp,Toronto
792,Full Stack Web Developer,Imagine Communications Corp,Waterloo
793,Compliance Assurance - Compliance and Database Analysis,IESO (Independent Electricity System Operator),Mississauga
794,Pipeline Software Developer,IBM Canada Limited,Ottawa
795,Open Source Runtimes Developer,IBM Canada Limited,Markham
796,"Technical Analyst, Internet of Things",IBM Canada Limited,Toronto
797,Universal Enterprise Application Consultant,IBM Canada Limited,Toronto
798,Software Developer,IBM Canada Limited,Ottawa
799,Unity HoloLens AR Developer,IBM Canada Limited,Toronto
800,OpenJ9 Software Developer,IBM Canada Limited,Ottawa
801,Application Developer - Mobile/Blockchain/VR Solutions,IBM Canada Limited,Toronto
802,Software Developer,IBM Canada Limited,Ottawa
803,Software Developer,IBM Canada Limited,Ottawa
804,Bluemix Project Developer,IBM Canada Limited,Markham
805,Watson Analytics Developer,IBM Canada Limited,Toronto
806,QE Software Developer,IBM Canada Limited,Ottawa
807,Data Scientist,IBM Canada Limited,Toronto
808,Core Software Developer,IBM Canada Limited,Toronto
809,IoT & AI Developer,IBM Canada Limited,Toronto
810,Software Developer,IBM Canada Limited,Ottawa
811,Software Developer Co-op Student (Toronto- Airport/Revenue Systems),IBI Group Inc,Toronto
812,Social Capital Fellow: Engineering at Hustle,Hustle,San Francisco
813,Software Engineering (Machine Learning and Computer Vision),Huawei Technologies Company Limited,Markham
814,Android Framework / Application Developer,Huawei Technologies Company Limited,Waterloo
815,Agile Engineering,Helpful.com Inc,Toronto
816,Software Engineering,Heap,San Francisco
817,Software Developer,HealthIM Inc,Kitchener
818,Software Engineering - User Experience (UX) Specialist,Health Care Services International Inc,Toronto
819,Software Engineering,Health Care Services International Inc,Toronto
820,Robotics Software Engineering,GuardBot Inc,Stamford
821,C/C++ Developer - Core Trading Infrastructure,GTS,New York
